<?xml version="1.0" encoding="UTF-8"?>
<!-- Generated by eXe - http://exelearning.net -->
<manifest identifier="eXeallesteros5fd9f20425c17d194611" xmlns="http://www.imsproject.org/xsd/imscp_rootv1p1p2" xmlns:adlcp="http://www.adlnet.org/xsd/adlcp_rootv1p2" xmlns:imsmd="http://www.imsglobal.org/xsd/imsmd_v1p2" xmlns:xsi="http://www.w3.org/2001/XMLSchema-instance" xsi:schemaLocation="http://www.imsproject.org/xsd/imscp_rootv1p1p2 imscp_rootv1p1p2.xsd http://www.imsglobal.org/xsd/imsmd_rootv1p2p1 imsmd_rootv1p2p1.xsd http://www.adlnet.org/xsd/adlcp_rootv1p2 adlcp_rootv1p2.xsd" > 
<metadata> 
 <schema>ADL SCORM</schema> 
 <schemaversion>1.2</schemaversion> 
 <adlcp:location>imslrm.xml</adlcp:location> 
</metadata> 
<organizations default="eXeallesteros5fd9f20425c17d194612">  
    <organization identifier="eXeallesteros5fd9f20425c17d194612" structure="hierarchical">
        <title>Proyecto final.zip</title>
<item identifier="ITEM-eXeallesteros5fd9f20425c17d194613" isvisible="true" identifierref="RES-eXeallesteros5fd9f20425c17d194614">
    <title>Historia e influencia de la lengua alemana</title>
<item identifier="ITEM-eXeallesteros5fd9f20425c17d194715" isvisible="true" identifierref="RES-eXeallesteros5fd9f20425c17d194716">
    <title>🏠 Inicio</title>
</item>
<item identifier="ITEM-eXeallesteros5fd9f20425c17d194717" isvisible="true" identifierref="RES-eXeallesteros5fd9f20425c17d194718">
    <title>🔎 Guía del curso</title>
</item>
<item identifier="ITEM-eXeallesteros5fd9f20425c17d194819" isvisible="true" identifierref="RES-eXeallesteros5fd9f20425c17d19481a">
    <title>📌 Tema 1 - Las lenguas indoeuropeas</title>
</item>
<item identifier="ITEM-eXeallesteros5fd9f20425c17d19491b" isvisible="true" identifierref="RES-eXeallesteros5fd9f20425c17d19491c">
    <title>📌 Tema 2 - La rama lingüística germánica</title>
</item>
<item identifier="ITEM-eXeallesteros5fd9f20425c17d194b1d" isvisible="true" identifierref="RES-eXeallesteros5fd9f20425c17d194b1e">
    <title>📌 Tema 3 - Influencia del alemán</title>
<item identifier="ITEM-eXeallesteros5fd9f20425c17d194c1f" isvisible="true" identifierref="RES-eXeallesteros5fd9f20425c17d194c20">
    <title>Situación del alemán en la Unión Europea</title>
</item>
</item>
</item>
  </organization>
</organizations>
<resources>
  <resource identifier="RES-eXeallesteros5fd9f20425c17d194614" type="webcontent" adlcp:scormtype="sco" href="index.html"> 
    <file href="index.html"/> 
    <file href="exe_html5.js"/>
    <file href="willkommen.jpg"/>
    <dependency identifierref="COMMON_FILES"/>
  </resource>
  <resource identifier="RES-eXeallesteros5fd9f20425c17d194716" type="webcontent" adlcp:scormtype="sco" href="_inicio.html"> 
    <file href="_inicio.html"/> 
    <file href="exe_html5.js"/>
    <dependency identifierref="COMMON_FILES"/>
  </resource>
  <resource identifier="RES-eXeallesteros5fd9f20425c17d194718" type="webcontent" adlcp:scormtype="sco" href="_gua_del_curso.html"> 
    <file href="_gua_del_curso.html"/> 
    <file href="exe_html5.js"/>
    <file href="Guion_de_practicas.pdf"/>
    <file href="guia.jpg"/>
    <file href="guia_del_curso.pdf"/>
    <dependency identifierref="COMMON_FILES"/>
  </resource>
  <resource identifier="RES-eXeallesteros5fd9f20425c17d19481a" type="webcontent" adlcp:scormtype="sco" href="_tema_1__las_lenguas_indoeuropeas.html"> 
    <file href="_tema_1__las_lenguas_indoeuropeas.html"/> 
    <file href="exe_html5.js"/>
    <file href="Tema_1.pdf"/>
    <file href="exe_effects.css"/>
    <file href="exe_effects.js"/>
    <file href="interactive-video-bg.gif"/>
    <file href="interactive-video-less.gif"/>
    <file href="interactive-video-loading.gif"/>
    <file href="interactive-video-more.gif"/>
    <file href="interactive-video-sorter.png"/>
    <file href="interactive-video.css"/>
    <file href="interactive-video.js"/>
    <dependency identifierref="COMMON_FILES"/>
  </resource>
  <resource identifier="RES-eXeallesteros5fd9f20425c17d19491c" type="webcontent" adlcp:scormtype="sco" href="_tema_2__la_rama_lingstica_germnica.html"> 
    <file href="_tema_2__la_rama_lingstica_germnica.html"/> 
    <file href="exe_html5.js"/>
    <file href="Tema_2.pdf"/>
    <file href="common.js"/>
    <file href="exe_effects.css"/>
    <file href="exe_effects.js"/>
    <dependency identifierref="COMMON_FILES"/>
  </resource>
  <resource identifier="RES-eXeallesteros5fd9f20425c17d194b1e" type="webcontent" adlcp:scormtype="sco" href="_tema_3__influencia_del_alemn.html"> 
    <file href="_tema_3__influencia_del_alemn.html"/> 
    <file href="exe_html5.js"/>
    <file href="common.js"/>
    <file href="exe_effects.css"/>
    <file href="exe_effects.js"/>
    <dependency identifierref="COMMON_FILES"/>
  </resource>
  <resource identifier="RES-eXeallesteros5fd9f20425c17d194c20" type="webcontent" adlcp:scormtype="sco" href="situacin_del_alemn_en_la_unin_europea.html"> 
    <file href="situacin_del_alemn_en_la_unin_europea.html"/> 
    <file href="exe_html5.js"/>
    <file href="Presencia_en_la_UE.pdf"/>
    <dependency identifierref="COMMON_FILES"/>
  </resource>
  <resource identifier="COMMON_FILES" type="webcontent" adlcp:scormtype="asset">
    <file href="config.xml"/>
    <file href="content.css"/>
    <file href="EncodeSans-Light_latin-ext.woff2"/>
    <file href="EncodeSans-Light_latin.woff2"/>
    <file href="EncodeSans-Light_vietnamese.woff2"/>
    <file href="icon_account.png"/>
    <file href="icon_account_black.png"/>
    <file href="icon_account_white.png"/>
    <file href="icon_alarm.png"/>
    <file href="icon_alarm_black.png"/>
    <file href="icon_alarm_white.png"/>
    <file href="icon_announcement.png"/>
    <file href="icon_announcement_black.png"/>
    <file href="icon_announcement_white.png"/>
    <file href="icon_assessment.png"/>
    <file href="icon_assessment_black.png"/>
    <file href="icon_assessment_white.png"/>
    <file href="icon_assignment.png"/>
    <file href="icon_assignment_black.png"/>
    <file href="icon_assignment_list.png"/>
    <file href="icon_assignment_list_black.png"/>
    <file href="icon_assignment_list_white.png"/>
    <file href="icon_assignment_white.png"/>
    <file href="icon_backup.png"/>
    <file href="icon_backup_black.png"/>
    <file href="icon_backup_white.png"/>
    <file href="icon_camera.png"/>
    <file href="icon_camera_black.png"/>
    <file href="icon_camera_white.png"/>
    <file href="icon_description.png"/>
    <file href="icon_description_black.png"/>
    <file href="icon_description_white.png"/>
    <file href="icon_download.png"/>
    <file href="icon_download_black.png"/>
    <file href="icon_download_white.png"/>
    <file href="icon_event.png"/>
    <file href="icon_event_black.png"/>
    <file href="icon_event_white.png"/>
    <file href="icon_exit.png"/>
    <file href="icon_exit_black.png"/>
    <file href="icon_exit_white.png"/>
    <file href="icon_explore.png"/>
    <file href="icon_explore_black.png"/>
    <file href="icon_explore_white.png"/>
    <file href="icon_info.png"/>
    <file href="icon_info_black.png"/>
    <file href="icon_info_white.png"/>
    <file href="icon_media.png"/>
    <file href="icon_media_black.png"/>
    <file href="icon_media_white.png"/>
    <file href="icon_note.png"/>
    <file href="icon_note_black.png"/>
    <file href="icon_note_white.png"/>
    <file href="icon_puzzle.png"/>
    <file href="icon_puzzle_black.png"/>
    <file href="icon_puzzle_white.png"/>
    <file href="icon_question.png"/>
    <file href="icon_question_black.png"/>
    <file href="icon_question_white.png"/>
    <file href="icon_renew.png"/>
    <file href="icon_renew_black.png"/>
    <file href="icon_renew_white.png"/>
    <file href="icon_search.png"/>
    <file href="icon_search_black.png"/>
    <file href="icon_search_white.png"/>
    <file href="icon_star.png"/>
    <file href="icon_star_black.png"/>
    <file href="icon_star_white.png"/>
    <file href="icon_unread.png"/>
    <file href="icon_unread_black.png"/>
    <file href="icon_unread_white.png"/>
    <file href="icon_wifi.png"/>
    <file href="icon_wifi_black.png"/>
    <file href="icon_wifi_white.png"/>
    <file href="nav.css"/>
    <file href="_style_icons.png"/>
    <file href="_style_icons_black.png"/>
    <file href="_style_icons_white.png"/>
    <file href="_style_input_checkbox.png"/>
    <file href="_style_input_radio.png"/>
    <file href="_style_js.js"/>
    <file href="_style_licenses.png"/>
    <file href="base.css"/>
    <file href="popup_bg.gif"/>
    <file href="SCORM_API_wrapper.js"/>
    <file href="SCOFunctions.js"/>
    <file href="common.js"/>
    <file href="common_i18n.js"/>
    <file href="exe_jquery.js"/>
    <file href="content.xsd"/>
    <file href="content.data"/>
    <file href="contentv3.xml"/>
    <file href="imslrm.xml"/>
  </resource>
</resources>
</manifest>
